ts,date,module,ticker,kind,market,price,meta
2026-06-15T10:03:41+00:00,2026-06-15,stocks,HTRO.ST,buy,SE,42.6100,{}
2026-06-15T10:03:41+00:00,2026-06-15,stocks,SINCH.ST,buy,SE,38.3700,{}
2026-06-15T10:03:42+00:00,2026-06-15,stocks,TOBII.ST,buy,SE,2.3560,{}
2026-06-15T10:03:42+00:00,2026-06-15,stocks,ABB.ST,buy,SE,986.4000,{}
2026-06-15T10:03:42+00:00,2026-06-15,stocks,MYCR.ST,buy,SE,316.0000,{}
2026-06-15T10:03:42+00:00,2026-06-15,stocks,INSTAL.ST,buy,SE,41.2400,{}
2026-06-15T10:03:42+00:00,2026-06-15,stocks,SSAB-A.ST,buy,SE,102.0500,{}
2026-06-15T10:03:43+00:00,2026-06-15,stocks,SAND.ST,buy,SE,391.0000,{}
2026-06-15T10:03:43+00:00,2026-06-15,stocks,BOL.ST,buy,SE,565.0000,{}
2026-06-15T10:03:43+00:00,2026-06-15,stocks,ERIC-B.ST,buy,SE,117.0000,{}
2026-06-15T10:03:59+00:00,2026-06-15,stocks,AMD,buy,US,511.5700,{}
2026-06-15T10:03:59+00:00,2026-06-15,stocks,CAT,buy,US,910.5700,{}
2026-06-15T10:03:59+00:00,2026-06-15,stocks,CSCO,buy,US,121.1000,{}
2026-06-15T10:03:59+00:00,2026-06-15,stocks,QCOM,buy,US,211.7200,{}
2026-06-15T10:03:59+00:00,2026-06-15,stocks,TXN,buy,US,301.1200,{}
2026-06-15T10:04:00+00:00,2026-06-15,stocks,GOOGL,buy,US,359.6800,{}
2026-06-15T10:04:00+00:00,2026-06-15,stocks,AVGO,buy,US,382.0700,{}
2026-06-15T10:04:00+00:00,2026-06-15,stocks,GS,buy,US,1062.7500,{}
2026-06-15T10:04:00+00:00,2026-06-15,stocks,MS,buy,US,214.0400,{}
2026-06-15T10:04:00+00:00,2026-06-15,stocks,ORCL,buy,US,184.1300,{}
2026-06-18T10:42:54+00:00,2026-06-18,stocks,NOKIA-SEK.ST,buy,SE,133.7500,{}
2026-06-18T10:42:54+00:00,2026-06-18,stocks,MORROW.ST,buy,SE,11.7400,{}
2026-06-18T10:42:54+00:00,2026-06-18,stocks,VPLAY-B.ST,buy,SE,1.3010,{}
2026-06-18T10:42:54+00:00,2026-06-18,stocks,HTRO.ST,buy,SE,41.6000,{}
2026-06-18T10:42:54+00:00,2026-06-18,stocks,ACAST.ST,buy,SE,40.2500,{}
2026-06-18T10:42:54+00:00,2026-06-18,stocks,ORRON.ST,buy,SE,7.5200,{}
2026-06-18T10:42:54+00:00,2026-06-18,stocks,OVZON.ST,buy,SE,46.0800,{}
2026-06-18T10:42:54+00:00,2026-06-18,stocks,SALT-B.ST,buy,SE,7.4900,{}
2026-06-18T10:42:54+00:00,2026-06-18,stocks,NCAB.ST,buy,SE,80.1000,{}
2026-06-18T10:42:54+00:00,2026-06-18,stocks,HOFI.ST,buy,SE,161.9000,{}
2026-06-19T12:36:59+00:00,2026-06-19,breakout,CAT,breakout,US,985.8200,"{""rvol"": 2.2, ""run_up"": 0.418}"
2026-06-26T08:43:28+00:00,2026-06-26,breakout,WST,breakout,US,346.5600,"{""rvol"": 2.1, ""run_up"": 0.412}"
2026-06-27T08:08:49+00:00,2026-06-27,breakout,DVA,breakout,US,217.0400,"{""rvol"": 2.1, ""run_up"": 0.425}"
2026-06-27T08:08:50+00:00,2026-06-27,breakout,LLY,breakout,US,1208.1200,"{""rvol"": 2.4, ""run_up"": 0.367}"
2026-06-27T08:08:50+00:00,2026-06-27,breakout,MOH,breakout,US,229.7400,"{""rvol"": 2.6, ""run_up"": 0.473}"
2026-07-01T10:53:27+00:00,2026-07-01,breakout,CINT.ST,breakout,SE,5.9700,"{""rvol"": 2.3, ""run_up"": 0.684}"
2026-07-01T13:03:26+00:00,2026-07-01,stocks,CHEF.ST,buy,SE,123.4000,{}
2026-07-01T13:03:26+00:00,2026-07-01,stocks,ACAST.ST,buy,SE,39.9500,{}
2026-07-01T13:03:48+00:00,2026-07-01,stocks,VESTUM.ST,buy,SE,15.9800,{}
2026-07-01T13:03:48+00:00,2026-07-01,stocks,ABB.ST,buy,SE,1035.0000,{}
2026-07-01T13:03:48+00:00,2026-07-01,stocks,BOOZT.ST,buy,SE,146.6000,{}
2026-07-01T13:04:00+00:00,2026-07-01,stocks,UNH,buy,US,415.6300,{}
2026-07-03T07:01:10+00:00,2026-07-03,scanner,SIVE.ST,big_move,SE,53.9000,"{""pct"": 10.0}"
2026-07-03T07:15:44+00:00,2026-07-03,scanner,SIVE.ST,volume_spike,SE,54.7500,"{""rvol"": 5.1, ""pct"": 11.7}"
2026-07-03T08:15:44+00:00,2026-07-03,scanner,EPIS-B.ST,big_move,SE,0.0900,"{""pct"": 6.5}"
2026-07-06T07:01:23+00:00,2026-07-06,scanner,SIVE.ST,big_move,SE,50.0000,"{""pct"": -11.2}"
2026-07-06T07:15:39+00:00,2026-07-06,scanner,SIVE.ST,volume_spike,SE,45.5200,"{""rvol"": 5.2, ""pct"": -19.1}"
2026-07-06T07:31:11+00:00,2026-07-06,scanner,ABB.ST,volume_spike,SE,1018.0000,"{""rvol"": 3.2, ""pct"": -3.0}"
2026-07-06T13:01:24+00:00,2026-07-06,scanner,SPRINT.ST,big_move,SE,3.8200,"{""pct"": -6.1}"
2026-07-06T13:46:29+00:00,2026-07-06,scanner,AMD,big_move,US,556.6500,"{""pct"": 7.5}"
2026-07-06T14:17:24+00:00,2026-07-06,scanner,QCOM,big_move,US,187.2900,"{""pct"": 6.3}"
2026-07-06T14:45:55+00:00,2026-07-06,scanner,EPIS-B.ST,big_move,SE,0.0671,"{""pct"": -6.8}"
2026-07-07T07:01:28+00:00,2026-07-07,scanner,SPRINT.ST,big_move,SE,3.5500,"{""pct"": -12.8}"
2026-07-07T07:01:29+00:00,2026-07-07,scanner,NCAB.ST,big_move,SE,75.8000,"{""pct"": -7.6}"
2026-07-07T07:01:30+00:00,2026-07-07,scanner,SIVE.ST,big_move,SE,44.1000,"{""pct"": -21.7}"
2026-07-07T07:15:46+00:00,2026-07-07,scanner,SPRINT.ST,volume_spike,SE,3.8000,"{""rvol"": 6.7, ""pct"": -6.6}"
2026-07-07T07:15:47+00:00,2026-07-07,scanner,EPIS-B.ST,big_move,SE,0.0671,"{""pct"": -6.8}"
2026-07-07T07:15:49+00:00,2026-07-07,scanner,SIVE.ST,volume_spike,SE,45.5000,"{""rvol"": 3.1, ""pct"": -19.2}"
2026-07-07T13:31:22+00:00,2026-07-07,scanner,AMD,big_move,US,517.5278,"{""pct"": -6.3}"
2026-07-07T14:45:48+00:00,2026-07-07,scanner,NOKIA-SEK.ST,big_move,SE,114.3500,"{""pct"": -6.2}"
2026-07-07T15:45:45+00:00,2026-07-07,scanner,CAT,big_move,US,911.1850,"{""pct"": -6.1}"
2026-07-08T07:01:25+00:00,2026-07-08,scanner,EPIS-B.ST,big_move,SE,0.0730,"{""pct"": 7.4}"
2026-07-08T07:01:25+00:00,2026-07-08,scanner,SIVE.ST,big_move,SE,40.2800,"{""pct"": -13.7}"
2026-07-08T07:01:26+00:00,2026-07-08,scanner,CHEF.ST,big_move,SE,130.0000,"{""pct"": 6.9}"
2026-07-08T07:01:27+00:00,2026-07-08,scanner,NOKIA-SEK.ST,big_move,SE,113.6000,"{""pct"": -6.8}"
2026-07-08T07:15:41+00:00,2026-07-08,scanner,HTRO.ST,big_move,SE,34.1400,"{""pct"": -7.5}"
2026-07-08T07:15:43+00:00,2026-07-08,scanner,EPIS-B.ST,volume_spike,SE,0.0710,"{""rvol"": 5.8, ""pct"": 4.4}"
2026-07-08T07:43:10+00:00,2026-07-08,scanner,NCAB.ST,big_move,SE,72.5000,"{""pct"": -6.3}"
2026-07-08T16:31:24+00:00,2026-07-08,scanner,AVGO,big_move,US,393.8300,"{""pct"": 6.2}"
2026-07-09T07:02:44+00:00,2026-07-09,scanner,SIVE.ST,big_move,SE,45.0800,"{""pct"": 9.3}"
2026-07-09T07:02:45+00:00,2026-07-09,scanner,CHEF.ST,big_move,SE,128.0000,"{""pct"": 6.1}"
2026-07-09T07:15:59+00:00,2026-07-09,scanner,SIVE.ST,volume_spike,SE,42.3200,"{""rvol"": 4.2, ""pct"": 2.6}"
2026-07-09T07:16:00+00:00,2026-07-09,scanner,SPRINT.ST,volume_spike,SE,3.8000,"{""rvol"": 5.1, ""pct"": -2.1}"
2026-07-09T07:36:24+00:00,2026-07-09,scanner,ABB.ST,volume_spike,SE,1016.0000,"{""rvol"": 3.2, ""pct"": 1.6}"
2026-07-09T13:45:48+00:00,2026-07-09,scanner,NOKIA-SEK.ST,big_move,SE,121.8000,"{""pct"": 7.2}"
2026-07-09T13:45:50+00:00,2026-07-09,scanner,AMD,big_move,US,549.8000,"{""pct"": 6.3}"
2026-07-09T14:31:16+00:00,2026-07-09,scanner,ERIC-B.ST,big_move,SE,111.7500,"{""pct"": 6.1}"
2026-07-09T14:31:20+00:00,2026-07-09,scanner,MORROW.ST,big_move,SE,13.5000,"{""pct"": 6.6}"
2026-07-10T07:01:14+00:00,2026-07-10,scanner,ERIC-B.ST,big_move,SE,112.2500,"{""pct"": 6.6}"
2026-07-10T07:01:15+00:00,2026-07-10,scanner,NOKIA-SEK.ST,big_move,SE,123.5000,"{""pct"": 8.7}"
2026-07-10T07:15:42+00:00,2026-07-10,scanner,SIVE.ST,volume_spike,SE,47.7200,"{""rvol"": 5.5, ""pct"": 21.2}"
2026-07-10T07:31:22+00:00,2026-07-10,scanner,MORROW.ST,big_move,SE,13.4400,"{""pct"": 6.2}"
2026-07-10T08:15:48+00:00,2026-07-10,scanner,EPIS-B.ST,big_move,SE,0.0685,"{""pct"": 7.9}"
2026-07-10T21:44:21+00:00,2026-07-10,pead,BULTEN.ST,entry,SE,51.3000,"{""surprise"": null, ""reaction"": 17.127091263441507}"
2026-07-10T21:44:22+00:00,2026-07-10,pead,CARA.ST,entry,SE,24.4000,"{""surprise"": null, ""reaction"": 7.523350611671942}"
2026-07-13T07:15:50+00:00,2026-07-13,scanner,SIVE.ST,big_move,SE,44.2400,"{""pct"": -6.4}"
2026-07-13T11:01:23+00:00,2026-07-13,scanner,MORROW.ST,volume_spike,SE,13.1800,"{""rvol"": 3.5, ""pct"": -2.2}"
2026-07-13T21:37:08+00:00,2026-07-13,pead,OEM-B.ST,entry,SE,174.4000,"{""surprise"": null, ""reaction"": 6.28811127158343}"
2026-07-13T21:38:45+00:00,2026-07-13,breakout,OEM-B.ST,breakout,SE,174.4000,"{""rvol"": 2.4, ""run_up"": 0.392}"
2026-07-14T07:01:20+00:00,2026-07-14,scanner,MYCR.ST,big_move,SE,324.0000,"{""pct"": 9.3}"
2026-07-14T07:01:21+00:00,2026-07-14,scanner,SIVE.ST,big_move,SE,43.8200,"{""pct"": -7.3}"
2026-07-14T07:15:46+00:00,2026-07-14,scanner,ERIC-B.ST,volume_spike,SE,104.3000,"{""rvol"": 8.7, ""pct"": -5.4}"
2026-07-14T07:15:47+00:00,2026-07-14,scanner,MYCR.ST,volume_spike,SE,330.0000,"{""rvol"": 4.6, ""pct"": 11.3}"
2026-07-14T07:31:16+00:00,2026-07-14,scanner,HTRO.ST,volume_spike,SE,33.9500,"{""rvol"": 3.5, ""pct"": -1.6}"
2026-07-14T11:45:42+00:00,2026-07-14,scanner,EPIS-B.ST,big_move,SE,0.0592,"{""pct"": -7.6}"
2026-07-14T13:31:41+00:00,2026-07-14,scanner,AMD,big_move,US,566.7001,"{""pct"": 6.0}"
2026-07-14T13:45:54+00:00,2026-07-14,scanner,GS,volume_spike,US,1113.0950,"{""rvol"": 5.1, ""pct"": 6.4}"
2026-07-14T21:36:54+00:00,2026-07-14,pead,AQ.ST,entry,SE,225.0000,"{""surprise"": null, ""reaction"": 11.41387119443319}"
2026-07-14T21:36:56+00:00,2026-07-14,pead,LIME.ST,entry,SE,219.5000,"{""surprise"": null, ""reaction"": 5.666751277125536}"
2026-07-14T21:36:57+00:00,2026-07-14,pead,MYCR.ST,entry,SE,339.2000,"{""surprise"": null, ""reaction"": 15.43362168780934}"
2026-07-14T21:38:30+00:00,2026-07-14,breakout,MYCR.ST,breakout,SE,339.2000,"{""rvol"": 2.8, ""run_up"": 0.51}"
2026-07-15T07:01:24+00:00,2026-07-15,scanner,ERIC-B.ST,big_move,SE,98.6200,"{""pct"": -12.5}"
2026-07-15T07:01:28+00:00,2026-07-15,scanner,MYCR.ST,big_move,SE,348.6000,"{""pct"": 18.5}"
2026-07-15T07:01:34+00:00,2026-07-15,scanner,NCAB.ST,big_move,SE,75.9000,"{""pct"": 6.0}"
2026-07-15T07:15:44+00:00,2026-07-15,scanner,HTRO.ST,volume_spike,SE,40.3000,"{""rvol"": 14.5, ""pct"": 20.8}"
2026-07-15T07:31:24+00:00,2026-07-15,scanner,MYCR.ST,volume_spike,SE,343.4000,"{""rvol"": 3.9, ""pct"": 16.7}"
2026-07-15T13:31:36+00:00,2026-07-15,scanner,GS,big_move,US,1137.3199,"{""pct"": 8.7}"
2026-07-15T13:45:47+00:00,2026-07-15,scanner,GS,volume_spike,US,1138.5200,"{""rvol"": 3.3, ""pct"": 8.9}"
2026-07-15T13:45:49+00:00,2026-07-15,scanner,MS,volume_spike,US,225.5900,"{""rvol"": 4.8, ""pct"": 2.0}"
2026-07-15T14:15:43+00:00,2026-07-15,scanner,SIVE.ST,big_move,SE,39.4400,"{""pct"": -7.1}"
2026-07-15T15:05:47+00:00,2026-07-15,scanner,CSCO,big_move,US,111.7220,"{""pct"": -6.3}"
2026-07-15T16:15:42+00:00,2026-07-15,scanner,AMD,big_move,US,512.2300,"{""pct"": -6.5}"
2026-07-15T22:12:37+00:00,2026-07-15,pead,JPM,entry,US,346.9100,"{""surprise"": 5.86, ""reaction"": 2.9478808004866908}"
2026-07-15T22:12:44+00:00,2026-07-15,pead,BAC,entry,US,61.5900,"{""surprise"": 7.74, ""reaction"": 2.759770190668309}"
2026-07-15T22:13:00+00:00,2026-07-15,pead,GS,entry,US,1152.0699,"{""surprise"": 44.27, ""reaction"": 9.397169064657328}"
2026-07-15T22:13:01+00:00,2026-07-15,pead,MS,entry,US,228.5500,"{""surprise"": 17.94, ""reaction"": -0.009837089744135774}"
2026-07-16T07:01:20+00:00,2026-07-16,scanner,SPRINT.ST,big_move,SE,3.6000,"{""pct"": -6.3}"
2026-07-16T07:01:22+00:00,2026-07-16,scanner,HTRO.ST,volume_spike,SE,45.3600,"{""rvol"": 3.1, ""pct"": 32.6}"
2026-07-16T07:01:23+00:00,2026-07-16,scanner,SIVE.ST,big_move,SE,38.3400,"{""pct"": -9.7}"
2026-07-16T07:15:46+00:00,2026-07-16,scanner,ABB.ST,volume_spike,SE,963.8000,"{""rvol"": 7.1, ""pct"": -5.1}"
2026-07-16T07:31:15+00:00,2026-07-16,scanner,BOOZT.ST,volume_spike,SE,157.3000,"{""rvol"": 7.4, ""pct"": 3.8}"
2026-07-16T07:31:22+00:00,2026-07-16,scanner,ACCON.ST,volume_spike,SE,17.8200,"{""rvol"": 3.7, ""pct"": 3.5}"
2026-07-16T07:45:47+00:00,2026-07-16,scanner,NOKIA-SEK.ST,big_move,SE,106.2000,"{""pct"": -6.4}"
2026-07-16T13:31:36+00:00,2026-07-16,scanner,UNH,volume_spike,US,459.7700,"{""rvol"": 4.8, ""pct"": 9.9}"
2026-07-16T17:45:47+00:00,2026-07-16,scanner,AMD,big_move,US,492.0770,"{""pct"": -7.0}"
2026-07-16T21:43:36+00:00,2026-07-16,pead,UNH,entry,US,423.3800,"{""surprise"": 29.81, ""reaction"": 1.7031004253370896}"
2026-07-16T21:44:01+00:00,2026-07-16,pead,GE,entry,US,345.7300,"{""surprise"": 8.62, ""reaction"": -3.515303444163742}"
2026-07-16T21:44:22+00:00,2026-07-16,pead,BUFAB.ST,entry,SE,139.4000,"{""surprise"": null, ""reaction"": 8.533516229228587}"
2026-07-16T21:44:23+00:00,2026-07-16,pead,CAMX.ST,entry,SE,639.0000,"{""surprise"": null, ""reaction"": 21.787250351121855}"
2026-07-16T21:44:23+00:00,2026-07-16,pead,CLA-B.ST,entry,SE,55.5000,"{""surprise"": null, ""reaction"": 14.382766212616982}"
2026-07-16T21:44:24+00:00,2026-07-16,pead,EPEN.ST,entry,SE,160.8000,"{""surprise"": null, ""reaction"": 11.316282812398981}"
2026-07-16T21:44:25+00:00,2026-07-16,pead,GRNG.ST,entry,SE,178.3000,"{""surprise"": null, ""reaction"": 5.296536241500805}"
2026-07-16T21:44:26+00:00,2026-07-16,pead,HTRO.ST,entry,SE,45.4200,"{""surprise"": null, ""reaction"": 33.22673821081759}"
2026-07-16T21:44:27+00:00,2026-07-16,pead,INDT.ST,entry,SE,255.0000,"{""surprise"": null, ""reaction"": 17.12258174232427}"
2026-07-16T21:44:27+00:00,2026-07-16,pead,INWI.ST,entry,SE,174.1000,"{""surprise"": null, ""reaction"": 19.503182976524045}"
2026-07-16T21:44:28+00:00,2026-07-16,pead,MIPS.ST,entry,SE,358.2000,"{""surprise"": null, ""reaction"": 27.879951463555653}"
2026-07-16T21:44:30+00:00,2026-07-16,pead,PACT.ST,entry,SE,129.0000,"{""surprise"": null, ""reaction"": 5.780398493687933}"
2026-07-16T21:44:31+00:00,2026-07-16,pead,PEAB-B.ST,entry,SE,92.6500,"{""surprise"": null, ""reaction"": 5.9014664980178715}"
2026-07-16T21:44:32+00:00,2026-07-16,pead,TROAX.ST,entry,SE,143.2000,"{""surprise"": null, ""reaction"": 48.20094125736711}"
2026-07-16T21:44:33+00:00,2026-07-16,pead,VITR.ST,entry,SE,96.5500,"{""surprise"": null, ""reaction"": 10.638340398847046}"
2026-07-16T21:45:22+00:00,2026-07-16,breakout,JBHT,breakout,US,298.4100,"{""rvol"": 2.3, ""run_up"": 0.37}"
2026-07-16T21:45:43+00:00,2026-07-16,breakout,KAMBI.ST,breakout,SE,167.0000,"{""rvol"": 2.0, ""run_up"": 0.38}"
2026-07-17T07:01:20+00:00,2026-07-17,scanner,NOKIA-SEK.ST,big_move,SE,96.1800,"{""pct"": -10.8}"
2026-07-17T07:01:21+00:00,2026-07-17,scanner,ACCON.ST,volume_spike,SE,14.5000,"{""rvol"": 4.2, ""pct"": -19.6}"
2026-07-17T07:01:26+00:00,2026-07-17,scanner,SIVE.ST,big_move,SE,31.4400,"{""pct"": -20.7}"
2026-07-17T07:01:27+00:00,2026-07-17,scanner,ABB.ST,big_move,SE,916.6000,"{""pct"": -7.3}"
2026-07-17T07:15:42+00:00,2026-07-17,scanner,VOLV-B.ST,volume_spike,SE,346.7000,"{""rvol"": 4.3, ""pct"": 2.4}"
2026-07-17T07:15:42+00:00,2026-07-17,scanner,EVO.ST,volume_spike,SE,682.2000,"{""rvol"": 5.5, ""pct"": -3.0}"
2026-07-17T07:15:44+00:00,2026-07-17,scanner,INSTAL.ST,volume_spike,SE,40.5400,"{""rvol"": 4.7, ""pct"": 3.9}"
2026-07-17T07:15:45+00:00,2026-07-17,scanner,NOKIA-SEK.ST,volume_spike,SE,96.4600,"{""rvol"": 3.2, ""pct"": -10.6}"
2026-07-17T07:15:45+00:00,2026-07-17,scanner,EPIS-B.ST,big_move,SE,0.0587,"{""pct"": -6.1}"
2026-07-17T07:15:46+00:00,2026-07-17,scanner,ABB.ST,volume_spike,SE,925.2000,"{""rvol"": 5.7, ""pct"": -6.4}"
2026-07-17T07:15:47+00:00,2026-07-17,scanner,SIVE.ST,volume_spike,SE,31.9000,"{""rvol"": 3.5, ""pct"": -19.6}"
2026-07-17T08:45:54+00:00,2026-07-17,scanner,HTRO.ST,big_move,SE,42.3900,"{""pct"": -6.7}"
2026-07-17T09:45:52+00:00,2026-07-17,scanner,SAND.ST,big_move,SE,343.0000,"{""pct"": -8.0}"
2026-07-17T11:15:43+00:00,2026-07-17,scanner,NCAB.ST,big_move,SE,71.1000,"{""pct"": -6.3}"
2026-07-17T13:01:01+00:00,2026-07-17,scanner,MORROW.ST,volume_spike,SE,13.0600,"{""rvol"": 8.2, ""pct"": -2.1}"
2026-07-17T13:45:48+00:00,2026-07-17,scanner,NVDA,volume_spike,US,198.9700,"{""rvol"": 3.8, ""pct"": -4.1}"
2026-07-17T13:45:51+00:00,2026-07-17,scanner,MS,volume_spike,US,212.8000,"{""rvol"": 3.5, ""pct"": -2.6}"
2026-07-17T13:45:55+00:00,2026-07-17,scanner,GOOGL,volume_spike,US,342.3900,"{""rvol"": 3.0, ""pct"": -3.4}"
2026-07-17T13:46:00+00:00,2026-07-17,scanner,AVGO,volume_spike,US,359.4900,"{""rvol"": 3.3, ""pct"": -4.0}"
2026-07-17T13:46:01+00:00,2026-07-17,scanner,GS,volume_spike,US,1067.5000,"{""rvol"": 3.3, ""pct"": -2.6}"
2026-07-17T13:46:02+00:00,2026-07-17,scanner,AMD,volume_spike,US,463.7500,"{""rvol"": 3.5, ""pct"": -7.4}"
2026-07-17T13:46:05+00:00,2026-07-17,scanner,UNH,volume_spike,US,435.0000,"{""rvol"": 3.8, ""pct"": 2.7}"
2026-07-17T22:23:05+00:00,2026-07-17,pead,ISRG,entry,US,345.4200,"{""surprise"": 11.86, ""reaction"": -9.670018553264104}"
2026-07-20T07:15:57+00:00,2026-07-20,scanner,ACCON.ST,volume_spike,SE,15.4200,"{""rvol"": 3.2, ""pct"": 3.5}"
2026-07-20T07:30:55+00:00,2026-07-20,scanner,EVO.ST,volume_spike,SE,712.8000,"{""rvol"": 3.0, ""pct"": 3.1}"
2026-07-20T13:45:53+00:00,2026-07-20,scanner,AMD,volume_spike,US,521.3146,"{""rvol"": 3.2, ""pct"": 5.2}"
2026-07-20T22:30:59+00:00,2026-07-20,breakout,ALLEI.ST,breakout,SE,104.5000,"{""rvol"": 3.1, ""run_up"": 0.373}"
2026-07-20T22:30:59+00:00,2026-07-20,breakout,KARNEL-B.ST,breakout,SE,91.0000,"{""rvol"": 7.9, ""run_up"": 0.356}"
2026-07-21T07:15:51+00:00,2026-07-21,scanner,HTRO.ST,big_move,SE,42.0000,"{""pct"": -7.5}"
2026-07-21T07:15:57+00:00,2026-07-21,scanner,ACCON.ST,big_move,SE,15.8000,"{""pct"": 6.0}"
2026-07-21T07:15:59+00:00,2026-07-21,scanner,BOL.ST,volume_spike,SE,481.2000,"{""rvol"": 5.9, ""pct"": -4.6}"
2026-07-21T07:31:01+00:00,2026-07-21,scanner,SIVE.ST,big_move,SE,35.6800,"{""pct"": 6.6}"
2026-07-21T07:45:45+00:00,2026-07-21,scanner,SPRINT.ST,volume_spike,SE,3.5600,"{""rvol"": 3.1, ""pct"": -2.7}"
2026-07-21T08:01:11+00:00,2026-07-21,scanner,EPIS-B.ST,big_move,SE,0.0616,"{""pct"": 6.8}"
2026-07-21T15:15:52+00:00,2026-07-21,scanner,AMD,big_move,US,535.4150,"{""pct"": 6.3}"
2026-07-21T21:45:05+00:00,2026-07-21,pead,ALLEI.ST,entry,SE,107.5000,"{""surprise"": null, ""reaction"": 8.410069482978223}"
2026-07-21T21:45:11+00:00,2026-07-21,pead,BILL.ST,entry,SE,69.5000,"{""surprise"": null, ""reaction"": 7.9461829834096775}"
2026-07-21T21:45:13+00:00,2026-07-21,pead,BYGGP.ST,entry,SE,44.5000,"{""surprise"": null, ""reaction"": 15.91831477634058}"
2026-07-21T21:45:15+00:00,2026-07-21,pead,CEVI.ST,entry,SE,144.8000,"{""surprise"": null, ""reaction"": 9.423957430291896}"
2026-07-21T21:45:17+00:00,2026-07-21,pead,ENGCON-B.ST,entry,SE,67.8000,"{""surprise"": null, ""reaction"": 7.748292042432947}"
2026-07-21T21:45:19+00:00,2026-07-21,pead,GETI-B.ST,entry,SE,232.6000,"{""surprise"": null, ""reaction"": 10.393292021585165}"
2026-07-21T21:45:21+00:00,2026-07-21,pead,HEM.ST,entry,SE,86.7500,"{""surprise"": null, ""reaction"": 5.082737570815921}"
2026-07-21T21:45:22+00:00,2026-07-21,pead,HPOL-B.ST,entry,SE,86.2500,"{""surprise"": null, ""reaction"": 16.102432386987243}"
2026-07-21T21:45:24+00:00,2026-07-21,pead,INSTAL.ST,entry,SE,40.3200,"{""surprise"": null, ""reaction"": 6.236368166423034}"
2026-07-21T21:45:26+00:00,2026-07-21,pead,KARNEL-B.ST,entry,SE,90.5000,"{""surprise"": null, ""reaction"": 14.203467862316188}"
2026-07-21T21:45:27+00:00,2026-07-21,pead,KNOW.ST,entry,SE,88.4000,"{""surprise"": null, ""reaction"": 7.728833731520757}"
2026-07-21T21:45:29+00:00,2026-07-21,pead,MCAP.ST,entry,SE,560.0000,"{""surprise"": null, ""reaction"": 11.920660244159762}"
2026-07-21T21:45:30+00:00,2026-07-21,pead,MMGR-B.ST,entry,SE,146.2000,"{""surprise"": null, ""reaction"": 14.601298885151493}"
2026-07-21T21:45:32+00:00,2026-07-21,pead,MTG-B.ST,entry,SE,126.0000,"{""surprise"": null, ""reaction"": 5.666784409608683}"
2026-07-21T21:45:33+00:00,2026-07-21,pead,MTRS.ST,entry,SE,182.5000,"{""surprise"": null, ""reaction"": 9.789489919072224}"
2026-07-21T21:45:35+00:00,2026-07-21,pead,NOBI.ST,entry,SE,15.2000,"{""surprise"": null, ""reaction"": 12.306636292592366}"
2026-07-21T21:45:37+00:00,2026-07-21,pead,RUG.ST,entry,SE,67.2000,"{""surprise"": null, ""reaction"": 10.826102366142585}"
2026-07-21T21:45:38+00:00,2026-07-21,pead,SAAB-B.ST,entry,SE,575.8000,"{""surprise"": null, ""reaction"": 11.698495429507783}"
2026-07-21T21:45:44+00:00,2026-07-21,pead,TRUE-B.ST,entry,SE,16.7550,"{""surprise"": null, ""reaction"": 5.422803120598929}"
2026-07-21T21:45:46+00:00,2026-07-21,pead,VIMIAN.ST,entry,SE,33.7500,"{""surprise"": null, ""reaction"": 5.8691183311099016}"
2026-07-21T21:45:49+00:00,2026-07-21,pead,VPLAY-B.ST,entry,SE,1.2920,"{""surprise"": null, ""reaction"": 9.296756422235351}"
2026-07-21T21:49:26+00:00,2026-07-21,breakout,MILDEF.ST,breakout,SE,213.0000,"{""rvol"": 3.3, ""run_up"": 0.498}"
2026-07-21T21:49:26+00:00,2026-07-21,breakout,MTG-B.ST,breakout,SE,126.0000,"{""rvol"": 2.1, ""run_up"": 0.346}"
2026-07-22T07:01:12+00:00,2026-07-22,scanner,SIVE.ST,big_move,SE,38.8000,"{""pct"": 16.4}"
2026-07-22T07:01:13+00:00,2026-07-22,scanner,SINCH.ST,big_move,SE,36.3900,"{""pct"": -6.7}"
2026-07-22T07:01:14+00:00,2026-07-22,scanner,NCAB.ST,big_move,SE,83.6000,"{""pct"": 13.9}"
2026-07-22T07:15:44+00:00,2026-07-22,scanner,NCAB.ST,volume_spike,SE,80.5000,"{""rvol"": 6.7, ""pct"": 9.7}"
2026-07-22T07:15:46+00:00,2026-07-22,scanner,SSAB-A.ST,volume_spike,SE,95.7400,"{""rvol"": 10.1, ""pct"": -3.4}"
2026-07-22T07:15:48+00:00,2026-07-22,scanner,SINCH.ST,volume_spike,SE,35.3500,"{""rvol"": 15.3, ""pct"": -9.4}"
2026-07-22T08:01:21+00:00,2026-07-22,scanner,SOBI.ST,volume_spike,SE,470.2000,"{""rvol"": 3.9, ""pct"": 1.6}"
2026-07-22T22:31:51+00:00,2026-07-22,pead,GOOGL,entry,US,342.0900,"{""surprise"": 214.23, ""reaction"": -1.3413083618632804}"
2026-07-23T07:01:20+00:00,2026-07-23,scanner,SIVE.ST,big_move,SE,36.6400,"{""pct"": -10.6}"
2026-07-23T07:15:47+00:00,2026-07-23,scanner,SPRINT.ST,volume_spike,SE,3.6500,"{""rvol"": 4.5, ""pct"": 1.7}"
2026-07-23T07:30:55+00:00,2026-07-23,scanner,NCAB.ST,volume_spike,SE,79.0000,"{""rvol"": 3.0, ""pct"": 4.6}"
2026-07-23T07:30:56+00:00,2026-07-23,scanner,ACAST.ST,volume_spike,SE,38.4500,"{""rvol"": 20.1, ""pct"": 1.6}"
2026-07-23T07:30:58+00:00,2026-07-23,scanner,NOKIA-SEK.ST,volume_spike,SE,105.3500,"{""rvol"": 7.6, ""pct"": 1.5}"
2026-07-23T13:31:18+00:00,2026-07-23,scanner,GOOGL,volume_spike,US,324.0250,"{""rvol"": 3.9, ""pct"": -5.3}"
2026-07-23T13:45:48+00:00,2026-07-23,scanner,TXN,volume_spike,US,283.5200,"{""rvol"": 4.4, ""pct"": -3.6}"
2026-07-23T21:41:46+00:00,2026-07-23,pead,TMO,entry,US,572.3200,"{""surprise"": 5.57, ""reaction"": 9.94593876363682}"
2026-07-23T21:41:54+00:00,2026-07-23,pead,TXN,entry,US,284.9900,"{""surprise"": 10.42, ""reaction"": -0.8163840239532871}"
2026-07-23T21:41:57+00:00,2026-07-23,pead,NOW,entry,US,91.9400,"{""surprise"": 5.05, ""reaction"": -8.565964332281162}"
2026-07-23T21:42:02+00:00,2026-07-23,pead,RTX,entry,US,209.1600,"{""surprise"": 13.71, ""reaction"": 8.562514124170873}"
2026-07-23T21:42:04+00:00,2026-07-23,pead,HON,entry,US,246.2700,"{""surprise"": 7.22, ""reaction"": 6.934743511667508}"
2026-07-23T21:42:05+00:00,2026-07-23,pead,UNP,entry,US,304.3300,"{""surprise"": 5.46, ""reaction"": 5.258031376933603}"
2026-07-23T21:42:09+00:00,2026-07-23,pead,8TRA.ST,entry,SE,445.0000,"{""surprise"": null, ""reaction"": 11.51429409322029}"
2026-07-23T21:42:12+00:00,2026-07-23,pead,DYVOX.ST,entry,SE,71.7500,"{""surprise"": null, ""reaction"": 9.301956626054931}"
2026-07-23T21:42:14+00:00,2026-07-23,pead,HANZA.ST,entry,SE,145.2000,"{""surprise"": null, ""reaction"": 6.45724889239807}"
2026-07-23T21:42:19+00:00,2026-07-23,pead,UPSALE.ST,entry,SE,28.9000,"{""surprise"": null, ""reaction"": 5.590266419605805}"
2026-07-23T21:43:27+00:00,2026-07-23,breakout,URI,breakout,US,1139.7100,"{""rvol"": 2.6, ""run_up"": 0.442}"
2026-07-24T07:01:09+00:00,2026-07-24,scanner,SIVE.ST,big_move,SE,32.8000,"{""pct"": -13.1}"
2026-07-24T07:01:10+00:00,2026-07-24,scanner,NOKIA-SEK.ST,big_move,SE,92.3000,"{""pct"": -9.0}"
2026-07-24T07:15:46+00:00,2026-07-24,scanner,NOKIA-SEK.ST,volume_spike,SE,92.8400,"{""rvol"": 6.0, ""pct"": -8.4}"
2026-07-24T07:15:47+00:00,2026-07-24,scanner,HOFI.ST,volume_spike,SE,199.0000,"{""rvol"": 23.6, ""pct"": 13.2}"
2026-07-24T07:31:01+00:00,2026-07-24,scanner,ORRON.ST,volume_spike,SE,7.3700,"{""rvol"": 6.7, ""pct"": -1.7}"
2026-07-24T07:31:03+00:00,2026-07-24,scanner,ACAST.ST,volume_spike,SE,36.0000,"{""rvol"": 6.3, ""pct"": -5.0}"
2026-07-24T07:31:04+00:00,2026-07-24,scanner,SSAB-A.ST,volume_spike,SE,99.2000,"{""rvol"": 4.6, ""pct"": 2.1}"
2026-07-24T22:33:32+00:00,2026-07-24,pead,VZ,entry,US,46.3800,"{""surprise"": 2.71, ""reaction"": 5.740483179585798}"
2026-07-24T22:34:22+00:00,2026-07-24,breakout,IP,breakout,US,42.1600,"{""rvol"": 2.4, ""run_up"": 0.316}"
2026-07-27T07:15:48+00:00,2026-07-27,scanner,EVO.ST,volume_spike,SE,710.6000,"{""rvol"": 4.4, ""pct"": 2.2}"
2026-07-27T07:15:50+00:00,2026-07-27,scanner,ACAST.ST,volume_spike,SE,37.8000,"{""rvol"": 4.0, ""pct"": 3.6}"
2026-07-27T07:15:51+00:00,2026-07-27,scanner,HOFI.ST,volume_spike,SE,213.2000,"{""rvol"": 9.3, ""pct"": 2.7}"
2026-07-27T07:15:52+00:00,2026-07-27,scanner,ORRON.ST,volume_spike,SE,7.3900,"{""rvol"": 3.8, ""pct"": -2.6}"
2026-07-27T07:31:03+00:00,2026-07-27,scanner,MVIR.ST,volume_spike,SE,1.7520,"{""rvol"": 3.1, ""pct"": 2.0}"
2026-07-27T08:30:55+00:00,2026-07-27,scanner,SIVE.ST,big_move,SE,33.4000,"{""pct"": 6.6}"
2026-07-27T11:45:55+00:00,2026-07-27,scanner,ACCON.ST,big_move,SE,17.1600,"{""pct"": 6.6}"
2026-07-27T14:01:17+00:00,2026-07-27,scanner,AMD,big_move,US,502.9001,"{""pct"": -6.8}"
2026-07-27T17:15:48+00:00,2026-07-27,scanner,NVDA,big_move,US,195.9600,"{""pct"": -6.1}"
2026-07-27T21:47:54+00:00,2026-07-27,pead,SF.ST,entry,SE,6.2500,"{""surprise"": null, ""reaction"": 47.20598514397578}"
2026-07-28T07:01:18+00:00,2026-07-28,scanner,EVO.ST,big_move,SE,748.0000,"{""pct"": 7.6}"
2026-07-28T07:01:18+00:00,2026-07-28,scanner,SIVE.ST,big_move,SE,29.0000,"{""pct"": -7.4}"
2026-07-28T07:01:21+00:00,2026-07-28,scanner,MYCR.ST,big_move,SE,314.2000,"{""pct"": -8.3}"
2026-07-28T07:15:49+00:00,2026-07-28,scanner,ORRON.ST,volume_spike,SE,7.2300,"{""rvol"": 11.4, ""pct"": -4.7}"
2026-07-28T07:15:50+00:00,2026-07-28,scanner,MYCR.ST,volume_spike,SE,313.8000,"{""rvol"": 4.4, ""pct"": -8.5}"
2026-07-28T07:31:07+00:00,2026-07-28,scanner,HTRO.ST,big_move,SE,37.9800,"{""pct"": -7.0}"
2026-07-28T07:31:08+00:00,2026-07-28,scanner,SSAB-A.ST,volume_spike,SE,102.0500,"{""rvol"": 3.2, ""pct"": 1.6}"
2026-07-28T07:31:09+00:00,2026-07-28,scanner,NCAB.ST,big_move,SE,69.4000,"{""pct"": -7.0}"
2026-07-28T08:01:15+00:00,2026-07-28,scanner,EPIS-B.ST,big_move,SE,0.0619,"{""pct"": 8.6}"
2026-07-28T13:45:47+00:00,2026-07-28,scanner,AMD,volume_spike,US,453.8750,"{""rvol"": 3.9, ""pct"": -8.3}"
2026-07-28T13:45:49+00:00,2026-07-28,scanner,CAT,volume_spike,US,838.3950,"{""rvol"": 4.0, ""pct"": -4.0}"
2026-07-28T22:33:51+00:00,2026-07-28,breakout,IQV,breakout,US,242.9400,"{""rvol"": 3.7, ""run_up"": 0.343}"
2026-07-29T07:01:14+00:00,2026-07-29,scanner,SIVE.ST,big_move,SE,27.5600,"{""pct"": -10.2}"
2026-07-29T07:01:16+00:00,2026-07-29,scanner,HTRO.ST,big_move,SE,36.5800,"{""pct"": -6.7}"
2026-07-29T07:01:17+00:00,2026-07-29,scanner,MYCR.ST,big_move,SE,311.8000,"{""pct"": -6.1}"
2026-07-29T07:15:51+00:00,2026-07-29,scanner,NCAB.ST,volume_spike,SE,68.2000,"{""rvol"": 3.8, ""pct"": -5.0}"
2026-07-29T07:15:52+00:00,2026-07-29,scanner,NOKIA-SEK.ST,volume_spike,SE,85.6800,"{""rvol"": 3.8, ""pct"": -2.4}"
2026-07-29T07:31:11+00:00,2026-07-29,scanner,SINCH.ST,volume_spike,SE,40.7000,"{""rvol"": 3.4, ""pct"": 4.5}"
2026-07-29T08:15:50+00:00,2026-07-29,scanner,EPIS-B.ST,big_move,SE,0.0593,"{""pct"": 6.5}"
2026-07-29T10:31:10+00:00,2026-07-29,scanner,INSTAL.ST,volume_spike,SE,36.9200,"{""rvol"": 13.9, ""pct"": -2.3}"
2026-07-29T13:46:02+00:00,2026-07-29,scanner,AMD,big_move,US,451.4000,"{""pct"": -8.8}"
2026-07-29T13:46:03+00:00,2026-07-29,scanner,CAT,volume_spike,US,821.9450,"{""rvol"": 3.6, ""pct"": -5.9}"
2026-07-29T14:31:13+00:00,2026-07-29,scanner,QCOM,big_move,US,159.2881,"{""pct"": -6.3}"
2026-07-29T22:28:00+00:00,2026-07-29,pead,KO,entry,US,89.0800,"{""surprise"": 4.05, ""reaction"": 7.262276422730607}"
2026-07-30T07:15:51+00:00,2026-07-30,scanner,NOKIA-SEK.ST,volume_spike,SE,82.9000,"{""rvol"": 3.8, ""pct"": -4.1}"
2026-07-30T07:15:52+00:00,2026-07-30,scanner,EPIS-B.ST,volume_spike,SE,0.0609,"{""rvol"": 3.5, ""pct"": 8.6}"
2026-07-30T07:31:01+00:00,2026-07-30,scanner,ABB.ST,volume_spike,SE,903.0000,"{""rvol"": 3.2, ""pct"": -1.7}"
2026-07-30T11:31:04+00:00,2026-07-30,scanner,SPRINT.ST,volume_spike,SE,3.7900,"{""rvol"": 3.6, ""pct"": 1.9}"
2026-07-30T12:01:11+00:00,2026-07-30,scanner,SIVE.ST,big_move,SE,28.6400,"{""pct"": 6.5}"
2026-07-30T13:31:07+00:00,2026-07-30,scanner,AMD,big_move,US,461.5300,"{""pct"": 7.4}"
2026-07-30T13:45:52+00:00,2026-07-30,scanner,AMD,volume_spike,US,470.4800,"{""rvol"": 3.5, ""pct"": 9.5}"
2026-07-30T13:45:57+00:00,2026-07-30,scanner,QCOM,volume_spike,US,148.2700,"{""rvol"": 5.8, ""pct"": -4.8}"
2026-07-30T13:45:58+00:00,2026-07-30,scanner,CAT,volume_spike,US,808.8650,"{""rvol"": 3.1, ""pct"": 3.3}"
2026-07-30T21:59:03+00:00,2026-07-30,pead,MSFT,entry,US,451.1000,"{""surprise"": 11.81, ""reaction"": 14.569546789291277}"
2026-07-30T21:59:13+00:00,2026-07-30,pead,MA,entry,US,577.3500,"{""surprise"": 5.53, ""reaction"": 0.814005877158519}"
2026-07-30T21:59:49+00:00,2026-07-30,pead,ELUX-B.ST,entry,SE,28.7400,"{""surprise"": null, ""reaction"": 16.5907420722593}"
2026-07-30T21:59:50+00:00,2026-07-30,pead,HEXA-B.ST,entry,SE,95.4600,"{""surprise"": null, ""reaction"": 11.31087600964673}"
2026-07-30T21:59:51+00:00,2026-07-30,pead,STORY-B.ST,entry,SE,108.7000,"{""surprise"": null, ""reaction"": 20.835053804558058}"
2026-07-31T07:01:07+00:00,2026-07-31,scanner,HTRO.ST,big_move,SE,38.6000,"{""pct"": 6.7}"
2026-07-31T07:01:08+00:00,2026-07-31,scanner,NCAB.ST,big_move,SE,70.2000,"{""pct"": 6.4}"
2026-07-31T07:01:08+00:00,2026-07-31,scanner,NOKIA-SEK.ST,big_move,SE,91.4200,"{""pct"": 9.2}"
2026-07-31T07:15:50+00:00,2026-07-31,scanner,NOKIA-SEK.ST,volume_spike,SE,92.0600,"{""rvol"": 9.8, ""pct"": 10.0}"
2026-07-31T07:15:52+00:00,2026-07-31,scanner,SIVE.ST,volume_spike,SE,33.3200,"{""rvol"": 5.6, ""pct"": 23.9}"
2026-07-31T07:15:55+00:00,2026-07-31,scanner,EPIS-B.ST,big_move,SE,0.0610,"{""pct"": 6.5}"
2026-07-31T07:15:56+00:00,2026-07-31,scanner,ORRON.ST,volume_spike,SE,7.3300,"{""rvol"": 3.9, ""pct"": 1.7}"
2026-07-31T07:15:57+00:00,2026-07-31,scanner,ABB.ST,volume_spike,SE,958.2000,"{""rvol"": 4.7, ""pct"": 6.3}"
2026-07-31T09:45:44+00:00,2026-07-31,scanner,SPRINT.ST,volume_spike,SE,3.6500,"{""rvol"": 3.1, ""pct"": -2.1}"
2026-07-31T13:31:10+00:00,2026-07-31,scanner,AAPL,volume_spike,US,304.2900,"{""rvol"": 3.9, ""pct"": -8.7}"
2026-07-31T16:31:12+00:00,2026-07-31,scanner,GOOGL,big_move,US,354.3530,"{""pct"": 6.2}"
2026-07-31T22:30:43+00:00,2026-07-31,pead,AAPL,entry,US,308.9100,"{""surprise"": 6.74, ""reaction"": -11.06648660208944}"
2026-07-31T22:30:46+00:00,2026-07-31,pead,AMZN,entry,US,271.5800,"{""surprise"": 214.23, ""reaction"": 17.414881763705072}"
2026-07-31T22:30:52+00:00,2026-07-31,pead,XOM,entry,US,155.4400,"{""surprise"": 13.36, ""reaction"": -1.6946887252926368}"
2026-07-31T22:31:00+00:00,2026-07-31,pead,CVX,entry,US,196.8300,"{""surprise"": 8.14, ""reaction"": 1.630393079524417}"
2026-07-31T22:31:59+00:00,2026-07-31,breakout,DXCM,breakout,US,83.4500,"{""rvol"": 2.7, ""run_up"": 0.351}"
2026-08-03T04:02:35+00:00,2026-08-03,stocks,GRANGX.ST,buy,SE,nan,{}
2026-08-03T04:02:35+00:00,2026-08-03,stocks,HOFI.ST,buy,SE,nan,{}
2026-08-03T04:02:35+00:00,2026-08-03,stocks,BOOZT.ST,buy,SE,nan,{}
2026-08-03T04:02:59+00:00,2026-08-03,stocks,ALLEI.ST,buy,SE,nan,{}
2026-08-03T04:02:59+00:00,2026-08-03,stocks,LUMI.ST,buy,SE,nan,{}
2026-08-03T04:02:59+00:00,2026-08-03,stocks,SSAB-B.ST,buy,SE,nan,{}
2026-08-03T04:03:12+00:00,2026-08-03,stocks,MRK,buy,US,130.2000,{}
2026-08-03T04:03:12+00:00,2026-08-03,stocks,LLY,buy,US,1148.8400,{}
2026-08-03T04:03:23+00:00,2026-08-03,multifactor,SWED-A.ST,buy,SE,nan,{}
2026-08-03T04:03:23+00:00,2026-08-03,multifactor,BUFAB.ST,buy,SE,nan,{}
2026-08-03T04:03:23+00:00,2026-08-03,multifactor,INDU-C.ST,buy,SE,nan,{}
2026-08-03T07:01:27+00:00,2026-08-03,scanner,GRANGX.ST,big_move,SE,43.7500,"{""pct"": 281.8}"
2026-08-03T07:15:52+00:00,2026-08-03,scanner,SINCH.ST,volume_spike,SE,40.9600,"{""rvol"": 4.4, ""pct"": 4.8}"
2026-08-03T09:17:02+00:00,2026-08-03,scanner,SIVE.ST,big_move,SE,28.8000,"{""pct"": -6.3}"
2026-08-03T12:15:43+00:00,2026-08-03,scanner,SOBI.ST,big_move,SE,441.4000,"{""pct"": -6.2}"
2026-08-03T13:45:56+00:00,2026-08-03,scanner,GOOGL,volume_spike,US,373.4500,"{""rvol"": 4.1, ""pct"": 4.9}"
2026-08-03T13:45:57+00:00,2026-08-03,scanner,TXN,volume_spike,US,267.2199,"{""rvol"": 3.5, ""pct"": -3.1}"
2026-08-04T07:01:14+00:00,2026-08-04,scanner,GRANGX.ST,big_move,SE,42.8000,"{""pct"": 273.5}"
2026-08-04T07:01:14+00:00,2026-08-04,scanner,SOBI.ST,big_move,SE,441.0000,"{""pct"": -6.3}"
2026-08-04T07:01:16+00:00,2026-08-04,scanner,SIVE.ST,big_move,SE,33.2800,"{""pct"": 8.3}"
2026-08-04T07:15:52+00:00,2026-08-04,scanner,NOKIA-SEK.ST,volume_spike,SE,92.2000,"{""rvol"": 4.1, ""pct"": 5.7}"
2026-08-04T07:15:53+00:00,2026-08-04,scanner,BOOZT.ST,volume_spike,SE,162.5000,"{""rvol"": 3.8, ""pct"": -2.5}"
2026-08-04T07:31:04+00:00,2026-08-04,scanner,SIVE.ST,volume_spike,SE,34.2200,"{""rvol"": 3.6, ""pct"": 11.3}"
2026-08-04T12:45:58+00:00,2026-08-04,scanner,HTRO.ST,big_move,SE,40.4300,"{""pct"": 7.5}"
2026-08-04T13:31:21+00:00,2026-08-04,scanner,CAT,big_move,US,931.5000,"{""pct"": 12.2}"
2026-08-04T13:45:43+00:00,2026-08-04,scanner,LUMI.ST,big_move,SE,251.6000,"{""pct"": 6.5}"
2026-08-04T13:45:46+00:00,2026-08-04,scanner,AMD,volume_spike,US,514.6900,"{""rvol"": 3.5, ""pct"": 6.2}"
2026-08-04T13:45:48+00:00,2026-08-04,scanner,CAT,volume_spike,US,913.4000,"{""rvol"": 7.1, ""pct"": 10.0}"
2026-08-04T14:15:55+00:00,2026-08-04,scanner,MS,volume_spike,US,214.9450,"{""rvol"": 3.8, ""pct"": 1.8}"
2026-08-04T21:53:53+00:00,2026-08-04,pead,AMD,entry,US,518.5800,"{""surprise"": null, ""reaction"": 5.200236369118105}"
2026-08-04T21:54:12+00:00,2026-08-04,pead,PLTR,entry,US,162.6600,"{""surprise"": 18.51, ""reaction"": 28.926550620354092}"
2026-08-04T21:54:13+00:00,2026-08-04,pead,ASMDEE-B.ST,entry,SE,163.9000,"{""surprise"": null, ""reaction"": 9.535170121106649}"
2026-08-05T07:01:10+00:00,2026-08-05,scanner,NOKIA-SEK.ST,big_move,SE,95.8400,"{""pct"": 7.6}"
2026-08-05T07:01:11+00:00,2026-08-05,scanner,HTRO.ST,big_move,SE,40.2000,"{""pct"": 6.3}"
2026-08-05T07:01:11+00:00,2026-08-05,scanner,SIVE.ST,big_move,SE,37.6800,"{""pct"": 20.8}"
2026-08-05T07:01:13+00:00,2026-08-05,scanner,LUMI.ST,volume_spike,SE,255.0000,"{""rvol"": 4.1, ""pct"": 7.9}"
2026-08-05T07:15:44+00:00,2026-08-05,scanner,GRANGX.ST,big_move,SE,42.1500,"{""pct"": 267.8}"
2026-08-05T13:31:08+00:00,2026-08-05,scanner,AMD,volume_spike,US,482.5100,"{""rvol"": 3.8, ""pct"": -7.0}"
2026-08-05T13:31:11+00:00,2026-08-05,scanner,LLY,volume_spike,US,1192.6100,"{""rvol"": 4.1, ""pct"": 6.9}"
2026-08-05T13:45:46+00:00,2026-08-05,scanner,NVDA,volume_spike,US,219.2100,"{""rvol"": 4.4, ""pct"": 3.4}"
2026-08-05T21:41:08+00:00,2026-08-05,pead,LUG.ST,entry,SE,588.2000,"{""surprise"": null, ""reaction"": 9.252332377405503}"
2026-08-05T21:41:09+00:00,2026-08-05,pead,LUMI.ST,entry,SE,262.6000,"{""surprise"": null, ""reaction"": 6.124385215374617}"
2026-08-06T07:01:13+00:00,2026-08-06,scanner,GRANGX.ST,big_move,SE,40.8500,"{""pct"": 256.5}"
2026-08-06T07:01:15+00:00,2026-08-06,scanner,SIVE.ST,big_move,SE,33.7600,"{""pct"": -8.9}"
2026-08-06T07:15:43+00:00,2026-08-06,scanner,LUMI.ST,volume_spike,SE,252.7000,"{""rvol"": 5.7, ""pct"": 2.1}"
2026-08-06T07:31:11+00:00,2026-08-06,scanner,SPRINT.ST,volume_spike,SE,3.4200,"{""rvol"": 4.9, ""pct"": -5.0}"
2026-08-07T00:36:46+00:00,2026-08-07,pead,MRK,entry,US,128.3700,"{""surprise"": 49.43, ""reaction"": -1.1613487764241315}"
2026-08-07T00:36:56+00:00,2026-08-07,pead,CAT,entry,US,856.9600,"{""surprise"": 31.83, ""reaction"": 3.3459623342220635}"
2026-08-07T00:36:58+00:00,2026-08-07,pead,AMGN,entry,US,404.8500,"{""surprise"": 11.97, ""reaction"": 6.044140274735166}"
2026-08-07T00:37:00+00:00,2026-08-07,pead,PFE,entry,US,26.2000,"{""surprise"": 12.87, ""reaction"": 1.516615128677934}"
2026-08-07T00:37:03+00:00,2026-08-07,pead,BKNG,entry,US,207.3900,"{""surprise"": 4.49, ""reaction"": 5.8260235858833775}"
2026-08-07T07:01:12+00:00,2026-08-07,scanner,GRANGX.ST,big_move,SE,42.7000,"{""pct"": 272.6}"
2026-08-07T07:01:13+00:00,2026-08-07,scanner,SIVE.ST,big_move,SE,36.7800,"{""pct"": 8.3}"
2026-08-07T07:30:58+00:00,2026-08-07,scanner,SPRINT.ST,volume_spike,SE,3.3100,"{""rvol"": 5.9, ""pct"": -4.9}"
2026-08-07T07:30:59+00:00,2026-08-07,scanner,SINCH.ST,volume_spike,SE,42.2500,"{""rvol"": 4.0, ""pct"": 2.4}"
2026-08-07T07:45:57+00:00,2026-08-07,scanner,HOFI.ST,volume_spike,SE,213.4000,"{""rvol"": 3.0, ""pct"": -1.9}"
2026-08-07T22:06:14+00:00,2026-08-07,pead,LLY,entry,US,1185.7100,"{""surprise"": 27.27, ""reaction"": 7.194405364783451}"
2026-08-07T22:06:33+00:00,2026-08-07,pead,UBER,entry,US,75.0200,"{""surprise"": 40.22, ""reaction"": -1.7522772754950067}"
2026-08-07T22:06:37+00:00,2026-08-07,pead,DIS,entry,US,104.9100,"{""surprise"": 11.09, ""reaction"": 6.979615437333553}"
2026-08-07T22:06:38+00:00,2026-08-07,pead,COP,entry,US,117.6100,"{""surprise"": 10.26, ""reaction"": 1.7832288558331744}"
2026-08-07T22:06:42+00:00,2026-08-07,exits,GOOGL,ma50_break,US,354.3000,"{""sma50"": 356.4745, ""sma200"": 328.828, ""dd_pct"": -11.95}"
2026-08-07T22:07:24+00:00,2026-08-07,breakout,GEN,breakout,US,29.1700,"{""rvol"": 2.7, ""run_up"": 0.386}"
2026-08-07T22:07:42+00:00,2026-08-07,breakout,YUBICO.ST,breakout,SE,86.0000,"{""rvol"": 19.8, ""run_up"": 0.537}"
2026-08-10T07:01:14+00:00,2026-08-10,scanner,GRANGX.ST,big_move,SE,46.6500,"{""pct"": 307.1}"
2026-08-10T07:01:14+00:00,2026-08-10,scanner,SIVE.ST,big_move,SE,43.8400,"{""pct"": 8.5}"
2026-08-10T07:15:49+00:00,2026-08-10,scanner,SIVE.ST,volume_spike,SE,46.0200,"{""rvol"": 3.4, ""pct"": 13.9}"
2026-08-10T07:15:50+00:00,2026-08-10,scanner,SPRINT.ST,volume_spike,SE,3.5600,"{""rvol"": 5.3, ""pct"": 1.7}"
2026-08-10T07:31:03+00:00,2026-08-10,scanner,SINCH.ST,volume_spike,SE,43.0300,"{""rvol"": 3.2, ""pct"": -2.6}"
2026-08-10T13:45:49+00:00,2026-08-10,scanner,AAPL,volume_spike,US,306.1000,"{""rvol"": 3.0, ""pct"": -2.3}"
2026-08-10T13:56:28+00:00,2026-08-10,scanner,CSCO,volume_spike,US,123.5600,"{""rvol"": 3.0, ""pct"": 1.8}"
2026-08-10T21:56:06+00:00,2026-08-10,pead,BRK-B,entry,US,529.4200,"{""surprise"": 17.4, ""reaction"": 1.4900704002830834}"
2026-08-10T21:56:24+00:00,2026-08-10,pead,YUBICO.ST,entry,SE,87.8500,"{""surprise"": null, ""reaction"": 40.04483936807337}"
2026-08-10T21:56:26+00:00,2026-08-10,exits,ACAST.ST,ma50_break,SE,36.1000,"{""sma50"": 38.556, ""sma200"": 31.966, ""dd_pct"": -11.84}"
2026-08-10T21:56:26+00:00,2026-08-10,exits,ACCON.ST,ma50_break,SE,16.9400,"{""sma50"": 17.9218, ""sma200"": 13.1469, ""dd_pct"": -31.97}"
2026-08-10T21:56:27+00:00,2026-08-10,exits,AMD,ma50_break,US,469.5600,"{""sma50"": 513.113, ""sma200"": 319.4462, ""dd_pct"": -19.17}"
2026-08-10T21:56:28+00:00,2026-08-10,exits,CAT,ma50_break,US,837.5800,"{""sma50"": 914.6858, ""sma200"": 745.3486, ""dd_pct"": -21.2}"
2026-08-10T21:56:28+00:00,2026-08-10,exits,CHEF.ST,ma50_break,SE,123.4000,"{""sma50"": 124.304, ""sma200"": 98.3397, ""dd_pct"": -6.09}"
2026-08-10T21:56:29+00:00,2026-08-10,exits,GS,ma50_break,US,1034.5100,"{""sma50"": 1054.9102, ""sma200"": 919.4001, ""dd_pct"": -10.2}"
2026-08-10T21:56:30+00:00,2026-08-10,exits,HTRO.ST,ma50_break,SE,39.0000,"{""sma50"": 40.0016, ""sma200"": 31.0167, ""dd_pct"": -19.72}"
2026-08-10T21:56:30+00:00,2026-08-10,exits,INSTAL.ST,ma50_break,SE,36.5400,"{""sma50"": 38.5652, ""sma200"": 31.752, ""dd_pct"": -11.4}"
2026-08-10T21:56:32+00:00,2026-08-10,exits,NOKIA-SEK.ST,ma50_break,SE,88.1200,"{""sma50"": 116.8482, ""sma200"": 86.3902, ""dd_pct"": -45.33}"
2026-08-10T21:56:33+00:00,2026-08-10,exits,SIVE.ST,ma50_break,SE,43.8400,"{""sma50"": 57.2162, ""sma200"": 24.6312, ""dd_pct"": -56.98}"
2026-08-10T21:56:33+00:00,2026-08-10,exits,SOBI.ST,ma50_break,SE,450.4000,"{""sma50"": 456.064, ""sma200"": 392.455, ""dd_pct"": -6.17}"
2026-08-10T21:56:34+00:00,2026-08-10,exits,SPRINT.ST,ma50_break,SE,3.4400,"{""sma50"": 3.789, ""sma200"": 2.4425, ""dd_pct"": -23.39}"
2026-08-10T21:56:35+00:00,2026-08-10,exits,TXN,ma50_break,US,280.4400,"{""sma50"": 292.9395, ""sma200"": 227.4, ""dd_pct"": -15.17}"
2026-08-10T21:56:35+00:00,2026-08-10,exits,UNH,ma50_break,US,408.7400,"{""sma50"": 412.8255, ""sma200"": 343.1523, ""dd_pct"": -6.33}"
2026-08-11T07:01:08+00:00,2026-08-11,scanner,GRANGX.ST,big_move,SE,44.7500,"{""pct"": 290.5}"
2026-08-11T07:01:09+00:00,2026-08-11,scanner,SIVE.ST,big_move,SE,43.5600,"{""pct"": 7.8}"
2026-08-11T08:31:14+00:00,2026-08-11,scanner,MORROW.ST,volume_spike,SE,13.1600,"{""rvol"": 6.4, ""pct"": 2.0}"
2026-08-11T22:02:37+00:00,2026-08-11,exits,GOOGL,ma50_break,US,343.8000,"{""sma50"": 355.1007, ""sma200"": 329.8287, ""dd_pct"": -13.34}"
2026-08-11T22:02:42+00:00,2026-08-11,exits,MS,ma50_break,US,215.0700,"{""sma50"": 215.24, ""sma200"": 184.4414, ""dd_pct"": -5.38}"
2026-08-12T07:01:10+00:00,2026-08-12,scanner,GRANGX.ST,big_move,SE,46.0000,"{""pct"": 301.4}"
2026-08-12T07:15:57+00:00,2026-08-12,scanner,NOKIA-SEK.ST,volume_spike,SE,94.2400,"{""rvol"": 4.0, ""pct"": 6.9}"
2026-08-12T08:31:00+00:00,2026-08-12,scanner,SIVE.ST,big_move,SE,44.7600,"{""pct"": 7.6}"
2026-08-12T09:15:52+00:00,2026-08-12,scanner,SPRINT.ST,volume_spike,SE,3.4400,"{""rvol"": 4.7, ""pct"": 2.4}"
2026-08-12T22:10:35+00:00,2026-08-12,breakout,SEYE.ST,breakout,SE,97.9500,"{""rvol"": 7.2, ""run_up"": 0.338}"
2026-08-13T07:01:14+00:00,2026-08-13,scanner,GRANGX.ST,big_move,SE,44.9500,"{""pct"": 292.2}"
2026-08-13T07:01:15+00:00,2026-08-13,scanner,NOKIA-SEK.ST,big_move,SE,98.2600,"{""pct"": 8.9}"
2026-08-13T07:15:47+00:00,2026-08-13,scanner,INDU-C.ST,volume_spike,SE,532.9000,"{""rvol"": 6.4, ""pct"": -1.8}"
2026-08-13T07:15:48+00:00,2026-08-13,scanner,MORROW.ST,volume_spike,SE,13.7600,"{""rvol"": 10.5, ""pct"": 3.1}"
2026-08-13T07:15:49+00:00,2026-08-13,scanner,INDU-A.ST,volume_spike,SE,537.0000,"{""rvol"": 3.4, ""pct"": -1.9}"
2026-08-13T07:31:06+00:00,2026-08-13,scanner,MVIR.ST,volume_spike,SE,1.7580,"{""rvol"": 3.3, ""pct"": -3.5}"
2026-08-13T09:15:44+00:00,2026-08-13,scanner,SPRINT.ST,volume_spike,SE,3.3300,"{""rvol"": 3.0, ""pct"": 3.1}"
2026-08-13T13:31:06+00:00,2026-08-13,scanner,CSCO,volume_spike,US,113.8900,"{""rvol"": 4.3, ""pct"": -8.1}"
2026-08-13T22:00:35+00:00,2026-08-13,pead,MER.ST,entry,SE,15.0000,"{""surprise"": null, ""reaction"": 7.571835367127178}"
2026-08-13T22:00:39+00:00,2026-08-13,exits,CSCO,ma50_break,US,113.4700,"{""sma50"": 117.5297, ""sma200"": 91.1718, ""dd_pct"": -12.39}"
2026-08-14T07:15:47+00:00,2026-08-14,scanner,MVIR.ST,volume_spike,SE,1.6720,"{""rvol"": 8.0, ""pct"": -4.8}"
2026-08-14T07:15:48+00:00,2026-08-14,scanner,BOOZT.ST,volume_spike,SE,148.1000,"{""rvol"": 10.0, ""pct"": -7.9}"
2026-08-14T07:15:49+00:00,2026-08-14,scanner,GRANGX.ST,big_move,SE,43.0500,"{""pct"": 275.7}"
2026-08-14T07:15:50+00:00,2026-08-14,scanner,INDU-C.ST,volume_spike,SE,519.2000,"{""rvol"": 3.6, ""pct"": -3.7}"
2026-08-14T07:15:51+00:00,2026-08-14,scanner,LUMI.ST,volume_spike,SE,236.8000,"{""rvol"": 4.4, ""pct"": -6.8}"
2026-08-14T07:15:53+00:00,2026-08-14,scanner,SPRINT.ST,volume_spike,SE,3.4800,"{""rvol"": 5.8, ""pct"": 7.7}"
2026-08-14T07:15:54+00:00,2026-08-14,scanner,SINCH.ST,volume_spike,SE,44.5300,"{""rvol"": 4.8, ""pct"": 4.8}"
2026-08-14T07:31:02+00:00,2026-08-14,scanner,MORROW.ST,volume_spike,SE,14.1200,"{""rvol"": 3.2, ""pct"": 4.6}"
2026-08-14T07:31:04+00:00,2026-08-14,scanner,INDU-A.ST,volume_spike,SE,520.5000,"{""rvol"": 3.2, ""pct"": -4.3}"
2026-08-14T14:01:11+00:00,2026-08-14,scanner,CSCO,volume_spike,US,111.4400,"{""rvol"": 3.2, ""pct"": -1.8}"
2026-08-14T21:42:42+00:00,2026-08-14,pead,BTS-B.ST,entry,SE,183.8000,"{""surprise"": null, ""reaction"": 5.601358498479259}"
2026-08-14T21:42:43+00:00,2026-08-14,pead,EMBRAC-B.ST,entry,SE,76.1800,"{""surprise"": null, ""reaction"": 13.338336508788242}"
2026-08-14T21:42:44+00:00,2026-08-14,pead,HAYPP.ST,entry,SE,148.2000,"{""surprise"": null, ""reaction"": 5.173511346147941}"
2026-08-14T21:42:45+00:00,2026-08-14,pead,NYAB.ST,entry,SE,6.5200,"{""surprise"": null, ""reaction"": 6.5287592719719845}"
2026-08-14T21:42:46+00:00,2026-08-14,pead,VISC.ST,entry,SE,21.4000,"{""surprise"": null, ""reaction"": 9.362957750281687}"
2026-08-14T21:42:51+00:00,2026-08-14,exits,INDU-A.ST,ma50_break,SE,521.0000,"{""sma50"": 533.56, ""sma200"": 468.3956, ""dd_pct"": -8.11}"
2026-08-14T21:42:52+00:00,2026-08-14,exits,INDU-C.ST,ma50_break,SE,518.8000,"{""sma50"": 524.45, ""sma200"": 464.4844, ""dd_pct"": -7.72}"
2026-08-14T21:42:53+00:00,2026-08-14,exits,LUMI.ST,ma50_break,SE,241.2000,"{""sma50"": 245.2174, ""sma200"": 227.0381, ""dd_pct"": -18.04}"
2026-08-14T21:42:55+00:00,2026-08-14,exits,MVIR.ST,ma50_break,SE,1.6600,"{""sma50"": 1.7388, ""sma200"": 1.3433, ""dd_pct"": -19.81}"
2026-08-17T07:15:50+00:00,2026-08-17,scanner,EVO.ST,volume_spike,SE,776.2000,"{""rvol"": 3.5, ""pct"": 3.1}"
2026-08-17T07:15:52+00:00,2026-08-17,scanner,SIVE.ST,volume_spike,SE,42.6600,"{""rvol"": 3.4, ""pct"": 3.3}"
2026-08-17T07:15:54+00:00,2026-08-17,scanner,BOOZT.ST,volume_spike,SE,145.2000,"{""rvol"": 6.3, ""pct"": -3.0}"
2026-08-17T07:15:54+00:00,2026-08-17,scanner,SPRINT.ST,volume_spike,SE,3.3900,"{""rvol"": 3.9, ""pct"": 1.8}"
2026-08-17T07:37:28+00:00,2026-08-17,scanner,MORROW.ST,volume_spike,SE,13.7200,"{""rvol"": 3.4, ""pct"": -3.0}"
2026-08-17T21:47:17+00:00,2026-08-17,pead,KJELL.ST,entry,SE,14.3000,"{""surprise"": null, ""reaction"": 6.967346253360285}"
2026-08-17T21:47:19+00:00,2026-08-17,exits,ACAST.ST,ma50_break,SE,35.7500,"{""sma50"": 38.182, ""sma200"": 32.2528, ""dd_pct"": -12.7}"
2026-08-17T21:47:19+00:00,2026-08-17,exits,ACCON.ST,ma50_break,SE,16.2600,"{""sma50"": 17.4782, ""sma200"": 13.3863, ""dd_pct"": -34.7}"
2026-08-17T21:47:20+00:00,2026-08-17,exits,AMD,ma50_break,US,506.0000,"{""sma50"": 510.0562, ""sma200"": 325.5704, ""dd_pct"": -12.9}"
2026-08-17T21:47:21+00:00,2026-08-17,exits,BOOZT.ST,ma50_break,SE,140.7000,"{""sma50"": 149.622, ""sma200"": 115.35, ""dd_pct"": -15.55}"
2026-08-17T21:47:22+00:00,2026-08-17,exits,CAT,ma50_break,US,881.6500,"{""sma50"": 910.335, ""sma200"": 753.8434, ""dd_pct"": -17.05}"
2026-08-17T21:47:23+00:00,2026-08-17,exits,CSCO,ma50_break,US,112.9000,"{""sma50"": 116.9104, ""sma200"": 91.585, ""dd_pct"": -12.83}"
2026-08-17T21:47:24+00:00,2026-08-17,exits,GOOGL,ma50_break,US,344.0000,"{""sma50"": 353.3262, ""sma200"": 331.4893, ""dd_pct"": -11.77}"
2026-08-17T21:47:25+00:00,2026-08-17,exits,GS,ma50_break,US,1051.3101,"{""sma50"": 1053.6528, ""sma200"": 926.398, ""dd_pct"": -8.75}"
2026-08-17T21:47:25+00:00,2026-08-17,exits,INDU-A.ST,ma50_break,SE,521.5000,"{""sma50"": 534.49, ""sma200"": 469.8494, ""dd_pct"": -8.02}"
2026-08-17T21:47:26+00:00,2026-08-17,exits,INDU-C.ST,ma50_break,SE,518.8000,"{""sma50"": 525.786, ""sma200"": 465.9002, ""dd_pct"": -7.72}"
2026-08-17T21:47:27+00:00,2026-08-17,exits,INSTAL.ST,ma50_break,SE,36.7200,"{""sma50"": 38.5132, ""sma200"": 32.0351, ""dd_pct"": -10.96}"
2026-08-17T21:47:29+00:00,2026-08-17,exits,MVIR.ST,ma50_break,SE,1.7040,"{""sma50"": 1.7401, ""sma200"": 1.3556, ""dd_pct"": -17.68}"
2026-08-17T21:47:30+00:00,2026-08-17,exits,NOKIA-SEK.ST,ma50_break,SE,105.3000,"{""sma50"": 112.778, ""sma200"": 87.3739, ""dd_pct"": -34.67}"
2026-08-17T21:47:31+00:00,2026-08-17,exits,SIVE.ST,ma50_break,SE,40.9000,"{""sma50"": 53.0256, ""sma200"": 25.5673, ""dd_pct"": -59.86}"
2026-08-17T21:47:31+00:00,2026-08-17,exits,SPRINT.ST,ma50_break,SE,3.3700,"{""sma50"": 3.7852, ""sma200"": 2.5086, ""dd_pct"": -24.94}"
2026-08-17T21:47:33+00:00,2026-08-17,exits,TXN,ma50_break,US,282.9100,"{""sma50"": 290.5503, ""sma200"": 230.2341, ""dd_pct"": -14.42}"
2026-08-17T21:47:33+00:00,2026-08-17,exits,UNH,ma50_break,US,395.6200,"{""sma50"": 414.8952, ""sma200"": 344.2633, ""dd_pct"": -9.33}"
2026-08-18T07:01:12+00:00,2026-08-18,scanner,BOOZT.ST,big_move,SE,138.3000,"{""pct"": -7.6}"
2026-08-18T07:01:14+00:00,2026-08-18,scanner,SIVE.ST,big_move,SE,38.7600,"{""pct"": -6.2}"
2026-08-18T07:31:05+00:00,2026-08-18,scanner,BOOZT.ST,volume_spike,SE,141.6000,"{""rvol"": 4.3, ""pct"": -5.4}"
2026-08-18T08:01:14+00:00,2026-08-18,scanner,MORROW.ST,volume_spike,SE,13.7000,"{""rvol"": 3.1, ""pct"": -3.1}"
2026-08-18T13:28:35+00:00,2026-08-18,scanner,NOKIA-SEK.ST,big_move,SE,98.8800,"{""pct"": -6.1}"
2026-08-18T14:01:23+00:00,2026-08-18,scanner,AMD,big_move,US,480.0000,"{""pct"": -6.7}"
2026-08-18T21:45:13+00:00,2026-08-18,exits,LUMI.ST,ma50_break,SE,241.5000,"{""sma50"": 243.902, ""sma200"": 228.0881, ""dd_pct"": -17.93}"
2026-08-19T07:01:18+00:00,2026-08-19,scanner,NOKIA-SEK.ST,big_move,SE,98.8000,"{""pct"": -6.2}"
2026-08-19T07:01:20+00:00,2026-08-19,scanner,SIVE.ST,big_move,SE,34.3600,"{""pct"": -16.0}"
2026-08-19T07:15:45+00:00,2026-08-19,scanner,SIVE.ST,volume_spike,SE,34.4000,"{""rvol"": 3.0, ""pct"": -15.9}"
2026-08-19T13:31:20+00:00,2026-08-19,scanner,MRK,volume_spike,US,146.5800,"{""rvol"": 7.8, ""pct"": 8.4}"
2026-08-19T13:45:50+00:00,2026-08-19,scanner,LLY,volume_spike,US,1285.4800,"{""rvol"": 6.2, ""pct"": 4.9}"
2026-08-19T21:37:58+00:00,2026-08-19,pead,AMBEA.ST,entry,SE,165.9000,"{""surprise"": null, ""reaction"": 13.501161092577464}"
2026-08-19T21:37:59+00:00,2026-08-19,pead,BICO.ST,entry,SE,18.8800,"{""surprise"": null, ""reaction"": 13.215912035199851}"
2026-08-19T21:38:00+00:00,2026-08-19,pead,SUS.ST,entry,SE,48.7600,"{""surprise"": null, ""reaction"": 24.73235362307078}"
2026-08-19T21:38:02+00:00,2026-08-19,exits,CHEF.ST,ma50_break,SE,123.8000,"{""sma50"": 124.524, ""sma200"": 99.5609, ""dd_pct"": -5.78}"
2026-08-19T21:38:04+00:00,2026-08-19,exits,HTRO.ST,ma50_break,SE,38.5900,"{""sma50"": 39.4726, ""sma200"": 31.5255, ""dd_pct"": -20.56}"
2026-08-19T21:38:05+00:00,2026-08-19,exits,MS,ma50_break,US,214.2300,"{""sma50"": 215.876, ""sma200"": 186.1488, ""dd_pct"": -5.75}"
2026-08-19T21:38:06+00:00,2026-08-19,exits,MYCR.ST,ma50_break,SE,314.2000,"{""sma50"": 316.296, ""sma200"": 251.1414, ""dd_pct"": -10.33}"
2026-08-19T21:39:02+00:00,2026-08-19,breakout,HUM.ST,breakout,SE,69.2000,"{""rvol"": 5.2, ""run_up"": 0.456}"
2026-08-19T21:39:02+00:00,2026-08-19,breakout,SYNACT.ST,breakout,SE,21.4500,"{""rvol"": 3.1, ""run_up"": 1.76}"
2026-08-20T07:03:42+00:00,2026-08-20,scanner,GRANGX.ST,big_move,SE,45.9000,"{""pct"": 8.1}"
2026-08-20T07:03:44+00:00,2026-08-20,scanner,ACCON.ST,volume_spike,SE,17.3600,"{""rvol"": 5.0, ""pct"": 8.2}"
2026-08-20T07:15:48+00:00,2026-08-20,scanner,SSAB-B.ST,volume_spike,SE,99.1400,"{""rvol"": 5.5, ""pct"": -6.0}"
2026-08-20T07:15:49+00:00,2026-08-20,scanner,SSAB-A.ST,volume_spike,SE,98.2200,"{""rvol"": 5.3, ""pct"": -6.2}"
2026-08-20T07:31:01+00:00,2026-08-20,scanner,HTRO.ST,big_move,SE,37.8800,"{""pct"": -6.1}"
2026-08-20T07:31:02+00:00,2026-08-20,scanner,MVIR.ST,volume_spike,SE,1.7900,"{""rvol"": 5.4, ""pct"": 8.1}"
2026-08-20T07:31:03+00:00,2026-08-20,scanner,BOOZT.ST,volume_spike,SE,146.0000,"{""rvol"": 3.3, ""pct"": 2.0}"
2026-08-20T07:31:04+00:00,2026-08-20,scanner,SPRINT.ST,volume_spike,SE,3.2500,"{""rvol"": 7.7, ""pct"": -1.8}"
2026-08-20T08:15:52+00:00,2026-08-20,scanner,MORROW.ST,volume_spike,SE,14.1200,"{""rvol"": 19.7, ""pct"": 3.5}"
2026-08-20T13:45:52+00:00,2026-08-20,scanner,MRK,volume_spike,US,149.7550,"{""rvol"": 3.2, ""pct"": -1.6}"
2026-08-20T21:40:43+00:00,2026-08-20,pead,WMT,entry,US,103.8400,"{""surprise"": 9.27, ""reaction"": -8.311372373308256}"
2026-08-20T21:40:52+00:00,2026-08-20,pead,ACE.ST,entry,SE,0.5900,"{""surprise"": null, ""reaction"": 6.8251354389345265}"
2026-08-20T21:40:53+00:00,2026-08-20,pead,CANTA.ST,entry,SE,1.8500,"{""surprise"": null, ""reaction"": 8.083432161072167}"
2026-08-20T21:40:56+00:00,2026-08-20,pead,KAR.ST,entry,SE,80.0000,"{""surprise"": null, ""reaction"": 10.202479745444993}"
2026-08-20T21:40:57+00:00,2026-08-20,pead,MVIR.ST,entry,SE,1.8600,"{""surprise"": null, ""reaction"": 9.611583977330152}"
2026-08-20T21:40:59+00:00,2026-08-20,exits,ACCON.ST,drawdown,SE,17.1000,"{""sma50"": 17.074, ""sma200"": 13.5318, ""dd_pct"": -31.33}"
2026-08-20T21:41:05+00:00,2026-08-20,exits,SSAB-A.ST,ma50_break,SE,94.5000,"{""sma50"": 98.4816, ""sma200"": 80.5121, ""dd_pct"": -12.26}"
2026-08-20T21:41:06+00:00,2026-08-20,exits,SSAB-B.ST,ma50_break,SE,95.1200,"{""sma50"": 98.393, ""sma200"": 79.9485, ""dd_pct"": -12.25}"
2026-08-20T21:42:27+00:00,2026-08-20,breakout,HUM.ST,breakout,SE,71.4000,"{""rvol"": 5.3, ""run_up"": 0.456}"
2026-08-21T07:01:16+00:00,2026-08-21,scanner,SSAB-B.ST,big_move,SE,96.2800,"{""pct"": -8.1}"
2026-08-21T07:01:17+00:00,2026-08-21,scanner,SPRINT.ST,big_move,SE,3.0800,"{""pct"": -6.4}"
2026-08-21T07:01:18+00:00,2026-08-21,scanner,SSAB-A.ST,big_move,SE,95.6600,"{""pct"": -7.9}"
2026-08-21T07:01:18+00:00,2026-08-21,scanner,MVIR.ST,big_move,SE,1.9100,"{""pct"": 13.0}"
2026-08-21T07:15:22+00:00,2026-08-21,scanner,SPRINT.ST,volume_spike,SE,2.9800,"{""rvol"": 3.6, ""pct"": -9.4}"
2026-08-21T07:15:23+00:00,2026-08-21,scanner,SSAB-A.ST,volume_spike,SE,96.3200,"{""rvol"": 5.1, ""pct"": -7.3}"
2026-08-21T07:15:24+00:00,2026-08-21,scanner,LUMI.ST,volume_spike,SE,252.0000,"{""rvol"": 3.1, ""pct"": 3.2}"
2026-08-21T07:30:56+00:00,2026-08-21,scanner,MVIR.ST,volume_spike,SE,1.9480,"{""rvol"": 4.4, ""pct"": 15.3}"
2026-08-21T07:30:57+00:00,2026-08-21,scanner,ACCON.ST,volume_spike,SE,17.2800,"{""rvol"": 3.4, ""pct"": 7.3}"
2026-08-21T07:30:58+00:00,2026-08-21,scanner,SSAB-B.ST,volume_spike,SE,96.8000,"{""rvol"": 3.2, ""pct"": -7.6}"
2026-08-21T11:01:11+00:00,2026-08-21,scanner,SIVE.ST,big_move,SE,37.3200,"{""pct"": 6.3}"
2026-08-21T21:46:13+00:00,2026-08-21,pead,EGTX.ST,entry,SE,7.3300,"{""surprise"": null, ""reaction"": 6.750386935322572}"
2026-08-21T21:46:14+00:00,2026-08-21,pead,NIBE-B.ST,entry,SE,41.9900,"{""surprise"": null, ""reaction"": 7.76685004024249}"
2026-08-21T21:46:16+00:00,2026-08-21,pead,SYNSAM.ST,entry,SE,60.2000,"{""surprise"": null, ""reaction"": 6.456274796168882}"
2026-08-24T07:02:06+00:00,2026-08-24,scanner,SSAB-B.ST,volume_spike,SE,101.6500,"{""rvol"": 3.3, ""pct"": 4.3}"
2026-08-24T07:02:08+00:00,2026-08-24,scanner,SSAB-A.ST,volume_spike,SE,101.2000,"{""rvol"": 4.0, ""pct"": 4.4}"
2026-08-24T07:15:49+00:00,2026-08-24,scanner,MVIR.ST,volume_spike,SE,1.8300,"{""rvol"": 4.9, ""pct"": -3.7}"
2026-08-24T07:45:45+00:00,2026-08-24,scanner,BOOZT.ST,volume_spike,SE,154.3000,"{""rvol"": 3.2, ""pct"": 1.6}"
2026-08-24T07:45:46+00:00,2026-08-24,scanner,SPRINT.ST,volume_spike,SE,3.0800,"{""rvol"": 4.5, ""pct"": -2.8}"
2026-08-24T07:45:48+00:00,2026-08-24,scanner,SWED-A.ST,volume_spike,SE,367.4000,"{""rvol"": 3.0, ""pct"": -1.7}"
2026-08-24T13:58:53+00:00,2026-08-24,scanner,SIVE.ST,big_move,SE,33.7800,"{""pct"": -7.5}"
2026-08-24T13:58:57+00:00,2026-08-24,scanner,HOFI.ST,volume_spike,SE,214.6000,"{""rvol"": 3.4, ""pct"": 1.6}"
2026-08-24T21:51:12+00:00,2026-08-24,pead,EPIS-B.ST,entry,SE,0.0835,"{""surprise"": null, ""reaction"": 8.206071307005313}"
2026-08-24T21:51:14+00:00,2026-08-24,exits,ACAST.ST,ma50_break,SE,35.2500,"{""sma50"": 38.055, ""sma200"": 32.6358, ""dd_pct"": -13.92}"
2026-08-24T21:51:15+00:00,2026-08-24,exits,ACCON.ST,drawdown,SE,17.0800,"{""sma50"": 16.9148, ""sma200"": 13.6608, ""dd_pct"": -31.41}"
2026-08-24T21:51:15+00:00,2026-08-24,exits,AMD,ma50_break,US,456.7450,"{""sma50"": 509.6001, ""sma200"": 330.8967, ""dd_pct"": -21.37}"
2026-08-24T21:51:16+00:00,2026-08-24,exits,CAT,ma50_break,US,811.0200,"{""sma50"": 902.9596, ""sma200"": 760.1666, ""dd_pct"": -23.7}"
2026-08-24T21:51:17+00:00,2026-08-24,exits,CHEF.ST,ma50_break,SE,117.4000,"{""sma50"": 124.22, ""sma200"": 100.6237, ""dd_pct"": -10.65}"
2026-08-24T21:51:18+00:00,2026-08-24,exits,CSCO,ma50_break,US,110.2300,"{""sma50"": 115.8804, ""sma200"": 92.5557, ""dd_pct"": -14.89}"
2026-08-24T21:51:18+00:00,2026-08-24,exits,GOOGL,ma50_break,US,348.0600,"{""sma50"": 351.575, ""sma200"": 333.1228, ""dd_pct"": -8.43}"
2026-08-24T21:51:19+00:00,2026-08-24,exits,GS,ma50_break,US,1036.2800,"{""sma50"": 1053.393, ""sma200"": 932.6868, ""dd_pct"": -10.05}"
2026-08-24T21:51:20+00:00,2026-08-24,exits,HTRO.ST,ma50_break,SE,38.5800,"{""sma50"": 39.2112, ""sma200"": 31.958, ""dd_pct"": -20.58}"
2026-08-24T21:51:20+00:00,2026-08-24,exits,INDU-A.ST,ma50_break,SE,535.0000,"{""sma50"": 535.72, ""sma200"": 473.2196, ""dd_pct"": -5.64}"
2026-08-24T21:51:21+00:00,2026-08-24,exits,INSTAL.ST,ma50_break,SE,36.6800,"{""sma50"": 38.2232, ""sma200"": 32.3376, ""dd_pct"": -11.06}"
2026-08-24T21:51:22+00:00,2026-08-24,exits,MS,ma50_break,US,214.0800,"{""sma50"": 216.0682, ""sma200"": 186.909, ""dd_pct"": -5.82}"
2026-08-24T21:51:23+00:00,2026-08-24,exits,MYCR.ST,ma50_break,SE,315.8000,"{""sma50"": 318.448, ""sma200"": 253.6618, ""dd_pct"": -9.87}"
2026-08-24T21:51:24+00:00,2026-08-24,exits,NOKIA-SEK.ST,ma50_break,SE,95.0400,"{""sma50"": 107.9743, ""sma200"": 88.2844, ""dd_pct"": -41.03}"
2026-08-24T21:51:25+00:00,2026-08-24,exits,SIVE.ST,ma50_break,SE,32.2600,"{""sma50"": 48.2982, ""sma200"": 26.3575, ""dd_pct"": -68.34}"
2026-08-24T21:51:25+00:00,2026-08-24,exits,SOBI.ST,ma50_break,SE,452.0000,"{""sma50"": 459.024, ""sma200"": 399.108, ""dd_pct"": -5.83}"
2026-08-24T21:51:26+00:00,2026-08-24,exits,SPRINT.ST,ma50_break,SE,3.1500,"{""sma50"": 3.7502, ""sma200"": 2.5705, ""dd_pct"": -29.84}"
2026-08-24T21:51:27+00:00,2026-08-24,exits,SWED-A.ST,ma50_break,SE,368.2000,"{""sma50"": 368.82, ""sma200"": 322.8792, ""dd_pct"": -5.2}"
2026-08-24T21:51:28+00:00,2026-08-24,exits,TXN,ma50_break,US,258.9400,"{""sma50"": 288.3952, ""sma200"": 232.9422, ""dd_pct"": -21.67}"
2026-08-24T21:51:28+00:00,2026-08-24,exits,UNH,ma50_break,US,398.7600,"{""sma50"": 413.6102, ""sma200"": 345.6837, ""dd_pct"": -8.61}"
2026-08-25T07:01:14+00:00,2026-08-25,scanner,SIVE.ST,big_move,SE,33.5000,"{""pct"": -8.2}"
2026-08-25T07:30:58+00:00,2026-08-25,scanner,ACAST.ST,volume_spike,SE,35.4500,"{""rvol"": 3.3, ""pct"": -2.1}"
2026-08-25T07:30:59+00:00,2026-08-25,scanner,SSAB-A.ST,volume_spike,SE,99.1800,"{""rvol"": 5.3, ""pct"": 2.4}"
2026-08-25T07:31:01+00:00,2026-08-25,scanner,MVIR.ST,volume_spike,SE,1.8160,"{""rvol"": 3.5, ""pct"": -4.4}"
2026-08-25T07:31:02+00:00,2026-08-25,scanner,HOFI.ST,volume_spike,SE,217.0000,"{""rvol"": 44.0, ""pct"": 2.7}"
2026-08-25T08:15:52+00:00,2026-08-25,scanner,ACCON.ST,volume_spike,SE,17.9000,"{""rvol"": 4.5, ""pct"": 4.1}"
2026-08-25T21:51:02+00:00,2026-08-25,pead,ZZ-B.ST,entry,SE,145.6000,"{""surprise"": null, ""reaction"": 6.541544958096757}"
2026-08-25T21:52:22+00:00,2026-08-25,breakout,TERNOR.ST,breakout,SE,40.0000,"{""rvol"": 14.7, ""run_up"": 0.744}"
2026-08-26T07:01:17+00:00,2026-08-26,scanner,SIVE.ST,big_move,SE,35.9000,"{""pct"": 11.3}"
2026-08-26T07:01:19+00:00,2026-08-26,scanner,MVIR.ST,big_move,SE,2.1450,"{""pct"": 20.2}"
2026-08-26T07:01:20+00:00,2026-08-26,scanner,MORROW.ST,volume_spike,SE,14.8400,"{""rvol"": 4.3, ""pct"": 4.8}"
2026-08-26T07:15:50+00:00,2026-08-26,scanner,SSAB-A.ST,volume_spike,SE,101.7000,"{""rvol"": 3.1, ""pct"": 2.2}"
2026-08-26T07:15:52+00:00,2026-08-26,scanner,MVIR.ST,volume_spike,SE,2.0850,"{""rvol"": 9.1, ""pct"": 16.9}"
2026-08-26T07:24:50+00:00,2026-08-26,scanner,ACCON.ST,volume_spike,SE,16.8200,"{""rvol"": 6.3, ""pct"": -1.5}"
2026-08-26T07:24:52+00:00,2026-08-26,scanner,SPRINT.ST,volume_spike,SE,3.1000,"{""rvol"": 5.1, ""pct"": -1.6}"
2026-08-26T23:50:18+00:00,2026-08-26,pead,CRM,entry,US,205.6200,"{""surprise"": 80.38, ""reaction"": -0.05623691361151817}"
2026-08-26T23:50:24+00:00,2026-08-26,pead,INTU,entry,US,345.8800,"{""surprise"": 12.34, ""reaction"": -6.840570776050137}"
2026-08-27T07:01:13+00:00,2026-08-27,scanner,GRANGX.ST,big_move,SE,39.0000,"{""pct"": -6.7}"
2026-08-27T07:15:54+00:00,2026-08-27,scanner,SPRINT.ST,volume_spike,SE,3.2000,"{""rvol"": 5.8, ""pct"": 1.6}"
2026-08-27T07:15:58+00:00,2026-08-27,scanner,MORROW.ST,big_move,SE,15.5000,"{""pct"": 6.6}"
2026-08-27T07:31:04+00:00,2026-08-27,scanner,SIVE.ST,big_move,SE,37.9200,"{""pct"": 8.2}"
2026-08-27T07:31:08+00:00,2026-08-27,scanner,HTRO.ST,big_move,SE,41.5600,"{""pct"": 6.2}"
2026-08-27T07:45:50+00:00,2026-08-27,scanner,MORROW.ST,volume_spike,SE,15.6000,"{""rvol"": 3.2, ""pct"": 7.3}"
2026-08-27T13:31:05+00:00,2026-08-27,scanner,NVDA,volume_spike,US,224.1717,"{""rvol"": 4.4, ""pct"": 6.9}"
2026-08-28T00:09:14+00:00,2026-08-28,pead,NVDA,entry,US,227.9800,"{""surprise"": 6.16, ""reaction"": 6.330115471729081}"
2026-08-28T00:09:34+00:00,2026-08-28,exits,ACCON.ST,ma50_break,SE,16.3600,"{""sma50"": 16.856, ""sma200"": 13.7368, ""dd_pct"": -34.3}"
2026-08-28T00:09:37+00:00,2026-08-28,exits,LLY,ma50_break,US,1176.1000,"{""sma50"": 1184.2417, ""sma200"": 1055.6145, ""dd_pct"": -8.14}"
2026-08-28T00:10:18+00:00,2026-08-28,breakout,ADSK,breakout,US,270.5800,"{""rvol"": 2.2, ""run_up"": 0.391}"
2026-08-28T00:10:18+00:00,2026-08-28,breakout,CRM,breakout,US,252.0500,"{""rvol"": 4.7, ""run_up"": 0.376}"
2026-08-28T00:10:42+00:00,2026-08-28,breakout,TRUE-B.ST,breakout,SE,22.9200,"{""rvol"": 2.9, ""run_up"": 0.742}"
2026-08-28T07:01:10+00:00,2026-08-28,scanner,GRANGX.ST,big_move,SE,37.5000,"{""pct"": -9.6}"
2026-08-28T07:01:12+00:00,2026-08-28,scanner,BOOZT.ST,volume_spike,SE,144.8000,"{""rvol"": 4.8, ""pct"": -5.6}"
2026-08-28T07:15:42+00:00,2026-08-28,scanner,SIVE.ST,volume_spike,SE,30.2800,"{""rvol"": 10.1, ""pct"": -14.5}"
2026-08-28T07:15:43+00:00,2026-08-28,scanner,SINCH.ST,big_move,SE,48.2300,"{""pct"": 6.4}"
2026-08-29T00:14:18+00:00,2026-08-29,pead,GOMX.ST,entry,SE,12.0400,"{""surprise"": null, ""reaction"": 7.8862348344157285}"
2026-08-31T07:01:13+00:00,2026-08-31,scanner,SIVE.ST,big_move,SE,28.2000,"{""pct"": -22.0}"
2026-08-31T07:15:50+00:00,2026-08-31,scanner,SIVE.ST,volume_spike,SE,29.1200,"{""rvol"": 5.5, ""pct"": 6.6}"
2026-08-31T07:30:59+00:00,2026-08-31,scanner,ACAST.ST,volume_spike,SE,34.3500,"{""rvol"": 3.2, ""pct"": -1.6}"
